timestamp,src_ip,dest_ip,port,protocol,anomaly_flag
2025-07-09 01:58:28.665957,192.168.193.26,10.0.249.176,8080,UDP,0
2025-05-11 17:10:20.071511,192.168.215.101,10.0.128.73,8080,UDP,0
2025-09-10 12:23:26.107153,192.168.65.53,10.0.53.236,80,ICMP,0
2025-02-11 12:44:25.245468,192.168.134.185,10.0.132.30,8080,UDP,0
2025-04-08 21:46:34.123838,192.168.200.214,10.0.242.163,8080,TCP,0
2025-08-07 20:25:38.322079,192.168.202.162,10.0.127.79,22,ICMP,0
2025-03-14 03:08:34.708106,192.168.142.82,10.0.162.218,8080,ICMP,0
2025-05-04 09:07:42.307532,192.168.83.253,10.0.10.208,22,ICMP,0
2025-07-22 04:42:28.188507,192.168.177.83,10.0.131.57,22,UDP,0
2025-10-07 03:28:35.002733,192.168.201.244,10.0.201.19,22,TCP,0
2025-01-15 16:32:10.915993,192.168.198.197,10.0.253.25,8080,TCP,0
2025-10-03 17:28:06.772085,192.168.205.235,10.0.120.39,8080,TCP,0
2025-01-14 18:56:38.037709,192.168.246.164,10.0.85.53,443,ICMP,0
2025-07-19 05:58:59.245734,192.168.85.14,10.0.173.20,80,TCP,0
2025-08-28 23:30:53.675700,192.168.232.231,10.0.242.201,443,UDP,0
2025-08-27 19:38:03.602444,192.168.222.57,10.0.161.153,22,UDP,0
2025-03-22 04:20:06.653935,192.168.225.128,10.0.247.206,22,ICMP,0
2025-04-27 17:27:49.032610,192.168.55.61,10.0.170.11,22,TCP,0
2025-02-15 01:20:55.565037,192.168.170.70,10.0.59.90,80,ICMP,0
2025-09-04 07:52:31.488937,192.168.1.226,10.0.123.94,443,UDP,0
2025-09-28 21:27:24.884529,192.168.110.209,10.0.136.40,443,UDP,0
2025-02-11 22:48:27.068937,192.168.108.125,10.0.47.114,80,UDP,0
2025-05-09 17:59:00.003723,192.168.68.106,10.0.159.147,443,ICMP,0
2025-01-06 13:23:26.732150,192.168.102.57,10.0.163.89,443,ICMP,0
2025-03-04 23:38:27.801472,192.168.114.122,10.0.117.112,80,TCP,0
2025-03-28 14:14:31.152725,192.168.146.33,10.0.156.224,80,TCP,1
2025-08-18 23:56:18.589051,192.168.145.116,10.0.82.81,443,ICMP,0
2025-07-09 18:00:21.953172,192.168.8.203,10.0.144.140,443,UDP,1
2025-08-23 01:54:48.547879,192.168.181.126,10.0.36.84,22,TCP,0
2025-05-07 03:06:32.649249,192.168.5.187,10.0.31.187,8080,ICMP,0
2025-06-18 12:03:55.524251,192.168.201.176,10.0.6.204,8080,UDP,0
2025-04-01 23:57:39.289651,192.168.95.206,10.0.168.17,8080,TCP,0
2025-04-24 10:52:33.732233,192.168.170.180,10.0.158.18,443,UDP,0
2025-05-25 12:03:40.512740,192.168.74.187,10.0.147.175,80,TCP,0
2025-03-15 17:45:21.406249,192.168.80.170,10.0.110.29,8080,ICMP,0
2025-07-26 17:46:11.566337,192.168.225.51,10.0.30.133,80,ICMP,1
2025-04-17 16:43:07.750174,192.168.8.200,10.0.241.182,8080,TCP,0
2025-01-24 19:44:45.841440,192.168.230.198,10.0.7.140,8080,ICMP,0
2025-09-02 16:47:42.649741,192.168.52.36,10.0.37.131,443,UDP,0
2025-02-25 01:18:52.284534,192.168.237.81,10.0.216.2,443,TCP,0
2025-02-07 15:33:56.103533,192.168.161.223,10.0.6.170,8080,ICMP,0
2025-01-28 03:59:43.226175,192.168.5.1,10.0.234.244,8080,UDP,0
2025-06-05 01:22:08.822541,192.168.157.177,10.0.214.68,8080,ICMP,0
2025-08-21 09:27:12.982795,192.168.240.64,10.0.74.152,80,ICMP,0
2025-05-20 10:01:59.535727,192.168.163.95,10.0.18.58,443,ICMP,0
2025-03-01 13:16:58.628446,192.168.223.203,10.0.46.172,443,ICMP,0
2025-01-30 19:57:57.099427,192.168.28.92,10.0.148.8,8080,ICMP,0
2025-05-11 12:58:10.825619,192.168.238.195,10.0.231.185,8080,TCP,0
2025-09-01 13:31:59.067253,192.168.157.16,10.0.227.86,22,UDP,0
2025-08-15 04:14:04.041600,192.168.59.212,10.0.240.65,443,TCP,0
2025-08-11 06:23:40.071516,192.168.19.92,10.0.204.113,8080,ICMP,0
2025-09-19 02:18:04.763779,192.168.0.165,10.0.205.196,80,ICMP,0
2025-05-06 04:29:09.042702,192.168.131.195,10.0.194.40,80,ICMP,0
2025-01-09 04:30:16.734089,192.168.107.16,10.0.218.223,443,TCP,0
2025-04-09 15:53:51.911167,192.168.161.84,10.0.24.115,22,UDP,0
2025-05-01 23:59:25.764201,192.168.147.62,10.0.87.28,22,ICMP,0
2025-08-07 10:21:07.666814,192.168.248.126,10.0.96.196,443,ICMP,0
2025-09-11 12:25:41.413042,192.168.252.69,10.0.176.231,22,ICMP,0
2025-05-24 10:46:48.294699,192.168.178.95,10.0.51.133,8080,ICMP,0
2025-09-29 13:19:53.262290,192.168.161.185,10.0.82.206,22,UDP,0
2025-04-24 10:04:18.916445,192.168.141.108,10.0.48.42,22,TCP,1
2025-09-23 17:21:35.952941,192.168.228.252,10.0.144.8,80,TCP,0
2025-06-30 11:59:42.873418,192.168.49.150,10.0.244.82,80,ICMP,0
2025-08-03 02:48:37.762180,192.168.119.84,10.0.138.66,22,TCP,0
2025-01-25 21:52:40.965282,192.168.210.153,10.0.175.154,443,ICMP,0
2025-01-11 00:28:15.056457,192.168.179.241,10.0.67.176,443,UDP,0
2025-05-16 04:50:56.321498,192.168.36.176,10.0.150.170,22,ICMP,0
2025-02-10 05:01:05.736934,192.168.212.109,10.0.103.47,80,ICMP,0
2025-09-13 11:29:40.623284,192.168.22.190,10.0.228.132,8080,TCP,0
2025-01-05 17:38:25.854333,192.168.13.141,10.0.136.34,8080,TCP,0
2025-05-14 07:36:29.296532,192.168.9.93,10.0.132.198,22,UDP,0
2025-08-25 08:00:36.290294,192.168.17.89,10.0.197.236,80,ICMP,0
2025-06-27 00:13:45.772718,192.168.59.17,10.0.24.111,80,ICMP,0
2025-09-25 16:08:40.289104,192.168.60.134,10.0.35.53,8080,TCP,0
2025-03-18 10:13:24.110596,192.168.177.148,10.0.15.33,8080,UDP,0
2025-08-26 00:19:21.229589,192.168.199.146,10.0.139.126,443,UDP,0
2025-05-07 23:16:47.183078,192.168.226.115,10.0.56.159,22,ICMP,0
2025-06-03 09:49:52.430276,192.168.94.243,10.0.171.161,443,TCP,0
2025-09-18 07:52:41.157727,192.168.152.128,10.0.183.201,8080,UDP,0
2025-07-12 10:47:45.265001,192.168.95.3,10.0.32.224,80,TCP,0
2025-01-14 11:35:51.553381,192.168.37.137,10.0.75.59,443,ICMP,0
2025-09-25 07:39:38.709372,192.168.60.231,10.0.107.243,8080,UDP,0
2025-08-13 04:23:25.907472,192.168.127.238,10.0.105.239,22,TCP,0
2025-05-17 16:04:23.013647,192.168.30.206,10.0.192.240,80,UDP,0
2025-05-08 06:50:09.481875,192.168.241.8,10.0.92.147,22,TCP,0
2025-07-15 12:15:55.707537,192.168.129.170,10.0.135.136,22,ICMP,0
2025-08-24 17:19:07.604848,192.168.11.252,10.0.222.2,80,TCP,0
2025-07-06 19:38:57.880092,192.168.20.252,10.0.46.170,443,UDP,0
2025-02-25 00:59:02.803366,192.168.152.6,10.0.111.27,80,ICMP,0
2025-09-16 04:26:00.404638,192.168.182.100,10.0.251.252,443,UDP,0
2025-01-30 19:47:01.179366,192.168.119.87,10.0.131.194,8080,UDP,0
2025-01-31 09:55:10.752654,192.168.89.243,10.0.14.241,443,ICMP,0
2025-01-17 10:50:34.805129,192.168.18.115,10.0.209.113,22,TCP,0
2025-04-09 21:57:32.363713,192.168.137.13,10.0.197.158,80,UDP,0
2025-06-08 12:29:02.751979,192.168.136.165,10.0.68.76,443,UDP,0
2025-04-27 22:58:55.170522,192.168.131.23,10.0.61.148,443,ICMP,0
2025-02-12 03:27:16.731714,192.168.11.231,10.0.206.20,22,ICMP,0
2025-07-06 12:42:46.165608,192.168.227.74,10.0.139.174,80,TCP,0
2025-08-18 18:58:08.297893,192.168.198.9,10.0.203.104,8080,ICMP,0
2025-05-10 16:31:06.071631,192.168.186.205,10.0.197.180,22,TCP,0
2025-10-01 07:08:24.758943,192.168.12.52,10.0.224.94,80,UDP,0
2025-08-28 03:16:03.557711,192.168.166.40,10.0.245.186,80,TCP,0
2025-02-08 21:46:16.327483,192.168.129.245,10.0.94.188,443,ICMP,0
2025-01-22 14:58:58.573121,192.168.166.50,10.0.107.177,22,TCP,0
2025-08-26 03:04:07.657494,192.168.214.86,10.0.55.71,22,TCP,0
2025-10-09 05:29:54.194105,192.168.188.200,10.0.231.109,22,ICMP,0
2025-09-12 20:43:06.887466,192.168.20.159,10.0.225.222,80,UDP,0
2025-10-11 13:21:24.856311,192.168.138.88,10.0.30.223,22,ICMP,0
2025-03-17 23:11:56.741963,192.168.138.50,10.0.110.162,80,TCP,0
2025-08-24 15:24:06.234622,192.168.214.164,10.0.129.15,80,TCP,0
2025-08-08 11:46:59.132525,192.168.170.245,10.0.224.209,80,ICMP,0
2025-03-21 16:44:46.096353,192.168.112.46,10.0.233.132,80,ICMP,0
2025-09-22 11:18:17.296344,192.168.46.212,10.0.252.181,22,TCP,0
2025-09-05 09:05:56.059963,192.168.143.107,10.0.139.151,80,UDP,0
2025-04-23 18:08:25.385393,192.168.14.13,10.0.251.112,8080,ICMP,0
2025-06-10 15:52:43.858238,192.168.246.72,10.0.31.100,443,UDP,0
2025-10-09 22:29:44.032706,192.168.151.110,10.0.210.23,80,TCP,0
2025-06-11 10:34:06.702231,192.168.15.102,10.0.18.5,8080,ICMP,0
2025-06-25 06:51:49.889402,192.168.144.123,10.0.249.180,22,UDP,0
2025-08-29 22:31:36.424287,192.168.215.149,10.0.48.246,8080,TCP,0
2025-02-16 08:54:07.485991,192.168.18.219,10.0.74.77,80,TCP,0
2025-09-20 18:27:08.952327,192.168.130.194,10.0.84.197,8080,TCP,0
2025-04-13 17:35:06.806712,192.168.242.213,10.0.21.178,22,ICMP,0
2025-04-09 04:44:57.352112,192.168.113.158,10.0.203.60,443,UDP,0
2025-03-21 15:29:15.199281,192.168.245.216,10.0.163.126,80,UDP,0
2025-07-22 23:18:26.240745,192.168.212.146,10.0.203.224,22,TCP,0
2025-04-11 15:50:33.253030,192.168.194.1,10.0.137.190,443,ICMP,0
2025-08-09 07:06:30.133498,192.168.127.96,10.0.54.132,22,ICMP,0
2025-09-06 16:57:15.977333,192.168.233.150,10.0.184.84,443,TCP,0
2025-08-04 21:57:16.694529,192.168.84.71,10.0.204.31,443,ICMP,0
2025-05-17 10:37:31.348325,192.168.26.62,10.0.220.123,443,ICMP,0
2025-02-07 22:59:31.374394,192.168.213.148,10.0.127.34,22,TCP,0
2025-01-04 23:56:59.779023,192.168.245.187,10.0.119.119,443,ICMP,0
2025-08-01 21:46:53.496033,192.168.112.97,10.0.28.113,8080,UDP,0
2025-03-18 19:26:22.584174,192.168.125.53,10.0.84.220,80,UDP,0
2025-05-02 11:13:46.385205,192.168.161.171,10.0.170.131,8080,UDP,0
2025-06-24 10:38:28.772192,192.168.55.23,10.0.232.182,8080,ICMP,0
2025-06-21 04:58:00.398186,192.168.232.99,10.0.245.133,80,ICMP,0
2025-05-20 18:30:07.106931,192.168.94.63,10.0.171.161,8080,UDP,0
2025-01-28 04:14:44.908974,192.168.222.43,10.0.115.62,22,ICMP,0
2025-05-27 02:59:45.854853,192.168.107.133,10.0.108.200,443,ICMP,0
2025-09-27 23:41:27.321269,192.168.88.42,10.0.244.178,22,ICMP,0
2025-07-11 15:32:29.907892,192.168.131.121,10.0.166.167,8080,ICMP,0
2025-03-07 07:33:17.311066,192.168.173.141,10.0.35.206,443,ICMP,0
2025-02-22 11:53:36.800424,192.168.126.79,10.0.179.251,443,TCP,0
2025-10-05 22:13:21.095177,192.168.153.51,10.0.34.153,22,UDP,0
2025-01-06 02:40:51.528442,192.168.200.53,10.0.188.156,22,UDP,0
2025-08-30 19:53:36.532807,192.168.171.95,10.0.224.247,22,TCP,0
2025-10-08 03:36:31.930267,192.168.9.67,10.0.24.102,22,TCP,0
2025-09-27 07:45:41.524139,192.168.125.11,10.0.56.88,80,UDP,0
2025-06-16 23:46:48.163439,192.168.124.90,10.0.5.231,80,TCP,0
2025-06-17 21:52:13.615694,192.168.185.36,10.0.64.165,443,UDP,0
2025-01-29 04:07:59.580519,192.168.30.93,10.0.92.45,8080,UDP,0
2025-04-03 00:53:49.017872,192.168.169.21,10.0.203.198,443,ICMP,0
2025-04-10 21:49:44.675621,192.168.58.154,10.0.33.211,22,TCP,0
2025-03-17 15:47:58.144240,192.168.80.138,10.0.151.227,443,UDP,0
2025-07-26 04:53:10.264522,192.168.127.18,10.0.9.94,80,ICMP,0
2025-09-03 02:15:41.019364,192.168.33.42,10.0.249.87,80,ICMP,0
2025-01-29 03:51:02.322064,192.168.95.180,10.0.228.61,443,UDP,0
2025-05-25 09:27:04.510761,192.168.92.48,10.0.220.124,443,TCP,0
2025-03-21 12:07:12.034824,192.168.233.252,10.0.151.35,443,ICMP,0
2025-02-17 09:37:54.659208,192.168.9.184,10.0.35.63,80,TCP,0
2025-03-26 00:58:46.597555,192.168.155.244,10.0.176.176,443,ICMP,0
2025-01-12 21:14:35.548800,192.168.45.186,10.0.107.16,22,TCP,0
2025-01-08 18:30:33.757328,192.168.221.97,10.0.171.137,8080,ICMP,0
2025-06-02 14:09:07.944140,192.168.25.86,10.0.24.127,80,UDP,0
2025-06-16 03:09:38.769668,192.168.85.148,10.0.15.163,80,UDP,0
2025-04-25 13:16:58.887001,192.168.36.152,10.0.61.11,22,TCP,0
2025-04-22 11:17:33.172554,192.168.108.209,10.0.69.136,443,TCP,0
2025-01-15 21:08:11.712194,192.168.10.68,10.0.243.42,8080,UDP,0
2025-04-12 22:10:14.173760,192.168.196.24,10.0.152.252,22,TCP,0
2025-04-20 21:51:25.145181,192.168.102.39,10.0.60.132,8080,ICMP,0
2025-04-03 05:38:30.178708,192.168.45.25,10.0.223.183,80,UDP,0
2025-04-11 11:55:26.544165,192.168.207.52,10.0.226.109,80,TCP,0
2025-03-22 02:27:39.993736,192.168.229.225,10.0.248.29,80,TCP,0
2025-03-09 12:36:04.245032,192.168.7.195,10.0.63.156,80,TCP,1
2025-09-30 07:32:58.700412,192.168.145.50,10.0.55.44,8080,ICMP,0
2025-10-02 06:36:00.174279,192.168.224.109,10.0.44.26,80,TCP,0
2025-05-20 23:59:33.959485,192.168.255.104,10.0.210.206,22,ICMP,0
2025-03-12 21:01:43.312578,192.168.155.16,10.0.50.57,80,ICMP,0
2025-10-01 00:21:37.479324,192.168.16.203,10.0.55.169,80,UDP,0
2025-06-04 02:20:56.850866,192.168.106.109,10.0.93.137,80,TCP,0
2025-07-04 08:04:38.429242,192.168.198.198,10.0.108.187,443,TCP,0
2025-05-31 06:30:23.576089,192.168.121.76,10.0.185.247,8080,TCP,0
2025-01-18 18:34:30.323210,192.168.58.52,10.0.136.172,443,TCP,0
2025-08-10 15:20:03.577938,192.168.108.191,10.0.61.214,22,TCP,0
2025-01-10 16:56:50.444818,192.168.127.171,10.0.150.228,80,ICMP,0
2025-07-12 06:58:59.090800,192.168.77.202,10.0.106.211,8080,UDP,0
2025-04-07 07:34:12.147230,192.168.145.20,10.0.0.244,443,UDP,0
2025-07-20 23:23:19.548934,192.168.64.158,10.0.141.177,8080,UDP,0
2025-05-15 03:47:37.178959,192.168.213.206,10.0.45.38,443,TCP,0
2025-09-02 21:39:28.976016,192.168.1.248,10.0.92.137,443,UDP,0
2025-03-27 07:56:52.972024,192.168.129.237,10.0.156.179,8080,ICMP,0
2025-04-15 08:47:31.499566,192.168.234.137,10.0.160.155,443,TCP,0
2025-04-16 22:01:16.321946,192.168.142.240,10.0.176.200,22,UDP,0
2025-01-10 02:51:21.106286,192.168.176.125,10.0.16.50,80,ICMP,0
2025-07-05 18:29:59.063409,192.168.62.4,10.0.116.82,443,TCP,0
2025-07-12 10:08:54.797506,192.168.84.2,10.0.106.20,443,TCP,0
2025-05-09 17:20:04.212416,192.168.2.83,10.0.93.171,8080,UDP,0
2025-03-02 11:47:21.934079,192.168.158.204,10.0.136.213,80,TCP,0
2025-08-18 23:52:04.462848,192.168.221.189,10.0.173.76,80,UDP,0
2025-03-09 22:19:30.056601,192.168.124.214,10.0.213.49,22,UDP,0
2025-02-06 17:24:46.600838,192.168.132.208,10.0.76.139,8080,UDP,0
2025-04-08 07:25:22.022248,192.168.75.226,10.0.227.67,80,TCP,0
2025-04-16 00:10:02.016542,192.168.133.120,10.0.69.226,80,UDP,0
2025-05-16 14:57:57.297793,192.168.224.116,10.0.69.67,443,UDP,0
2025-08-20 01:03:52.701184,192.168.148.217,10.0.139.2,443,TCP,0
2025-07-23 01:16:22.713424,192.168.103.70,10.0.163.83,8080,UDP,0
2025-06-16 06:06:47.687448,192.168.67.195,10.0.211.50,22,ICMP,0
2025-09-10 11:21:04.490490,192.168.36.139,10.0.112.8,80,TCP,0
2025-03-08 16:48:27.422098,192.168.18.168,10.0.103.151,8080,TCP,0
2025-07-15 02:25:45.641739,192.168.139.253,10.0.250.177,8080,ICMP,0
2025-05-09 09:40:05.164960,192.168.4.6,10.0.233.10,443,ICMP,0
2025-05-28 19:02:11.566853,192.168.142.29,10.0.58.196,80,ICMP,0
2025-02-20 00:44:54.844895,192.168.23.212,10.0.140.76,80,ICMP,0
2025-07-10 06:34:43.823948,192.168.200.113,10.0.156.144,8080,UDP,0
2025-07-29 12:45:13.560542,192.168.214.57,10.0.51.24,22,ICMP,0
2025-07-13 10:16:04.659646,192.168.118.227,10.0.250.56,22,ICMP,0
2025-04-19 21:05:15.808217,192.168.134.172,10.0.232.152,443,ICMP,0
2025-04-24 21:19:35.889984,192.168.87.122,10.0.89.38,443,ICMP,0
2025-10-02 15:08:20.805994,192.168.117.78,10.0.30.206,80,TCP,0
2025-06-28 22:41:44.033006,192.168.227.247,10.0.21.19,22,TCP,0
2025-02-27 20:08:59.872245,192.168.84.72,10.0.145.83,22,UDP,0
2025-06-24 00:50:04.844140,192.168.252.59,10.0.198.76,443,UDP,0
2025-04-23 17:16:23.307138,192.168.101.187,10.0.18.72,443,ICMP,0
2025-06-10 15:32:26.706018,192.168.217.228,10.0.82.236,80,UDP,0
2025-05-15 15:33:53.149353,192.168.120.78,10.0.37.160,8080,TCP,0
2025-08-09 19:46:24.611886,192.168.80.34,10.0.52.226,80,ICMP,0
2025-03-28 05:09:54.426399,192.168.190.70,10.0.205.151,8080,TCP,0
2025-07-31 18:08:22.003973,192.168.24.119,10.0.143.84,22,ICMP,0
2025-01-12 18:30:49.322632,192.168.16.174,10.0.114.210,80,UDP,0
2025-07-24 04:40:39.773326,192.168.208.163,10.0.33.130,8080,ICMP,0
2025-03-09 01:00:42.879087,192.168.238.219,10.0.229.60,8080,TCP,0
2025-09-11 16:23:56.009892,192.168.163.211,10.0.153.97,80,TCP,0
2025-03-22 16:04:19.884399,192.168.79.198,10.0.153.232,8080,UDP,0
2025-09-09 09:46:19.548947,192.168.77.97,10.0.243.137,443,UDP,0
2025-06-16 09:36:11.472398,192.168.48.11,10.0.42.11,22,TCP,0
2025-02-05 20:36:42.518929,192.168.38.119,10.0.123.15,22,UDP,0
2025-02-25 09:49:37.339371,192.168.192.169,10.0.236.109,22,UDP,0
2025-09-20 18:22:20.218437,192.168.133.59,10.0.217.38,8080,ICMP,0
2025-03-01 14:38:13.111680,192.168.55.116,10.0.131.120,80,ICMP,0
2025-08-25 07:48:46.915166,192.168.137.245,10.0.54.168,80,ICMP,0
2025-06-23 03:00:21.360907,192.168.62.105,10.0.40.88,22,TCP,0
2025-02-27 20:11:40.402971,192.168.171.250,10.0.242.218,80,TCP,0
2025-07-16 01:18:16.195427,192.168.249.142,10.0.36.19,8080,ICMP,0
2025-04-26 04:23:16.555551,192.168.129.243,10.0.60.218,80,TCP,0
2025-08-20 18:52:55.838694,192.168.58.28,10.0.201.51,8080,UDP,0
2025-01-05 05:25:23.586640,192.168.20.87,10.0.237.142,22,TCP,0
2025-03-07 09:16:20.096926,192.168.206.8,10.0.65.33,8080,ICMP,0
2025-09-09 19:33:51.246746,192.168.165.11,10.0.152.59,80,ICMP,0
2025-08-26 03:06:45.056484,192.168.215.110,10.0.77.155,8080,UDP,0
2025-03-03 23:20:23.741245,192.168.56.76,10.0.45.28,8080,TCP,0
2025-03-08 11:34:55.786060,192.168.152.228,10.0.176.174,22,TCP,0
2025-04-25 14:53:47.806934,192.168.10.196,10.0.0.46,80,ICMP,0
2025-03-24 16:23:56.602187,192.168.30.210,10.0.243.204,22,ICMP,0
2025-02-25 17:31:02.867915,192.168.157.111,10.0.99.89,22,UDP,0
2025-09-20 05:05:00.889288,192.168.12.219,10.0.129.216,80,UDP,0
2025-09-12 01:56:37.775558,192.168.248.43,10.0.41.31,443,ICMP,0
2025-06-15 12:07:22.172635,192.168.114.254,10.0.184.5,8080,ICMP,0
2025-09-29 07:46:23.967707,192.168.225.25,10.0.54.63,80,ICMP,0
2025-08-27 00:52:04.721226,192.168.220.53,10.0.186.243,22,ICMP,0
2025-05-13 09:43:53.213021,192.168.79.161,10.0.33.199,22,UDP,0
2025-06-10 11:54:53.099996,192.168.22.58,10.0.136.213,80,ICMP,0
2025-08-21 02:49:05.840189,192.168.26.181,10.0.99.137,8080,ICMP,0
2025-09-07 06:07:58.405357,192.168.174.212,10.0.177.247,22,UDP,0
2025-01-22 09:47:56.807351,192.168.62.19,10.0.134.25,80,ICMP,0
2025-02-16 12:35:46.992261,192.168.225.103,10.0.0.1,22,UDP,0
2025-03-23 21:16:25.109147,192.168.187.159,10.0.36.127,22,UDP,0
2025-03-12 14:39:22.990447,192.168.205.95,10.0.171.144,443,UDP,0
2025-09-06 20:39:07.484236,192.168.160.241,10.0.220.91,22,UDP,0
2025-07-29 14:36:51.020156,192.168.133.38,10.0.73.47,443,ICMP,0
2025-10-07 01:50:51.642776,192.168.224.116,10.0.146.47,22,ICMP,0
2025-08-05 10:31:25.017070,192.168.52.206,10.0.60.238,443,TCP,0
2025-06-22 00:18:40.951046,192.168.146.247,10.0.154.189,80,TCP,0
2025-05-10 20:51:05.515432,192.168.167.174,10.0.208.182,22,UDP,0
2025-03-19 01:06:47.991257,192.168.74.94,10.0.166.20,443,ICMP,0
2025-09-07 05:47:32.228578,192.168.144.59,10.0.236.117,22,TCP,0
2025-05-30 22:15:00.368742,192.168.117.222,10.0.205.168,443,TCP,0
2025-08-02 02:09:55.863763,192.168.230.126,10.0.179.75,8080,TCP,0
2025-06-29 23:01:13.930687,192.168.61.107,10.0.9.187,80,TCP,0
2025-03-04 13:50:23.822925,192.168.246.137,10.0.239.96,80,TCP,0
2025-04-21 15:34:35.973121,192.168.101.76,10.0.159.139,80,UDP,0
2025-05-24 01:55:41.799297,192.168.26.181,10.0.221.153,22,TCP,0
2025-04-11 23:30:22.053766,192.168.199.16,10.0.141.14,443,UDP,0
2025-07-19 18:06:19.866811,192.168.236.97,10.0.58.243,8080,UDP,0
2025-03-15 23:05:42.857708,192.168.203.34,10.0.91.23,443,TCP,0
2025-04-06 08:57:24.458612,192.168.39.147,10.0.217.130,22,ICMP,0
2025-05-09 14:13:30.792961,192.168.138.114,10.0.107.248,443,ICMP,0
2025-08-05 12:25:04.544492,192.168.201.176,10.0.149.93,443,ICMP,0
2025-03-14 23:28:57.042430,192.168.171.57,10.0.157.40,22,TCP,0
2025-07-24 21:16:18.084583,192.168.22.245,10.0.94.33,8080,ICMP,0
2025-06-14 09:53:45.171015,192.168.31.196,10.0.204.81,22,ICMP,0
2025-08-14 01:24:28.987251,192.168.162.209,10.0.61.29,80,ICMP,0
2025-04-15 11:29:13.832406,192.168.216.192,10.0.114.232,8080,ICMP,0
2025-02-28 10:50:43.397848,192.168.200.230,10.0.100.123,443,TCP,0
2025-04-07 09:06:21.483665,192.168.216.149,10.0.120.198,443,TCP,0
2025-01-04 19:40:25.568921,192.168.189.157,10.0.89.65,80,TCP,0
2025-05-07 11:08:00.309554,192.168.239.121,10.0.107.178,8080,TCP,0
2025-02-08 05:12:19.054206,192.168.69.242,10.0.142.194,22,TCP,0
2025-05-26 14:09:49.335069,192.168.79.211,10.0.26.102,22,ICMP,0
2025-02-15 13:47:53.273777,192.168.145.207,10.0.136.155,443,UDP,0
2025-05-18 01:13:22.016844,192.168.21.171,10.0.134.103,8080,UDP,0
2025-06-08 12:01:17.884832,192.168.153.143,10.0.232.45,80,TCP,0
2025-09-15 18:14:46.936132,192.168.133.14,10.0.2.47,443,UDP,0
2025-07-13 19:56:40.906366,192.168.11.178,10.0.157.122,80,TCP,0
2025-08-28 06:01:26.135541,192.168.74.168,10.0.105.88,80,ICMP,0
2025-05-14 13:18:59.991636,192.168.220.222,10.0.39.215,22,ICMP,0
2025-07-07 13:58:45.303888,192.168.57.44,10.0.208.199,22,TCP,0
2025-05-21 09:26:13.990704,192.168.200.64,10.0.200.36,443,UDP,1
2025-01-16 19:12:37.674025,192.168.186.232,10.0.81.146,80,UDP,0
2025-01-30 13:04:12.020813,192.168.79.234,10.0.170.89,443,ICMP,1
2025-02-20 07:14:29.259771,192.168.113.18,10.0.17.48,80,ICMP,0
2025-01-19 16:34:40.408521,192.168.255.98,10.0.5.77,80,ICMP,0
2025-08-26 13:06:20.438454,192.168.131.170,10.0.124.135,8080,ICMP,0
2025-04-26 14:31:01.940520,192.168.214.56,10.0.186.96,22,UDP,0
2025-06-08 10:05:47.005490,192.168.177.241,10.0.27.50,22,UDP,0
2025-02-22 10:55:57.070970,192.168.46.196,10.0.33.40,8080,UDP,0
2025-08-25 07:19:34.860594,192.168.23.185,10.0.53.9,22,ICMP,0
2025-08-07 00:21:04.130070,192.168.207.32,10.0.228.91,8080,TCP,0
2025-08-02 13:06:40.688469,192.168.245.232,10.0.68.5,443,ICMP,0
2025-08-04 02:48:10.314904,192.168.76.162,10.0.139.84,80,UDP,0
2025-01-20 00:13:50.853204,192.168.196.206,10.0.104.16,8080,ICMP,0
2025-03-22 08:58:33.251580,192.168.127.222,10.0.191.134,22,UDP,0
2025-05-01 15:23:42.336718,192.168.201.134,10.0.201.185,8080,TCP,0
2025-04-13 18:27:21.755037,192.168.9.113,10.0.206.21,22,TCP,0
2025-07-03 18:13:36.119081,192.168.65.95,10.0.230.21,80,UDP,0
2025-01-23 07:24:08.495102,192.168.82.19,10.0.0.142,443,TCP,0
2025-08-23 09:00:52.381534,192.168.193.19,10.0.107.213,8080,ICMP,0
2025-08-03 22:57:10.429198,192.168.194.71,10.0.74.16,80,ICMP,0
2025-09-14 13:07:41.172878,192.168.233.88,10.0.229.26,443,UDP,0
2025-04-11 05:51:49.567980,192.168.30.190,10.0.157.252,8080,UDP,0
2025-02-25 21:30:52.993971,192.168.18.195,10.0.52.2,8080,UDP,0
2025-01-21 02:41:15.126959,192.168.42.251,10.0.130.205,443,TCP,0
2025-08-21 21:29:44.636476,192.168.35.88,10.0.53.189,80,UDP,0
2025-09-06 09:48:34.440969,192.168.112.92,10.0.255.162,8080,TCP,0
2025-10-08 01:06:43.790749,192.168.190.173,10.0.58.222,80,ICMP,0
2025-03-28 07:48:04.296916,192.168.187.31,10.0.221.122,443,ICMP,1
2025-03-07 17:36:44.096432,192.168.246.124,10.0.165.149,22,UDP,0
2025-04-13 05:31:39.386268,192.168.238.71,10.0.224.122,80,ICMP,0
2025-07-24 03:42:49.471161,192.168.16.31,10.0.250.43,80,TCP,0
2025-06-23 08:17:19.437199,192.168.24.207,10.0.44.194,80,ICMP,0
2025-06-03 17:31:43.828439,192.168.5.70,10.0.132.239,80,ICMP,0
2025-07-30 10:22:59.294130,192.168.102.230,10.0.0.175,22,UDP,0
2025-06-29 08:44:23.904158,192.168.35.85,10.0.153.23,443,UDP,0
2025-04-02 23:42:22.824684,192.168.54.137,10.0.212.87,22,ICMP,0
2025-04-18 16:28:15.491368,192.168.137.172,10.0.142.198,443,UDP,0
2025-09-02 21:11:13.146216,192.168.16.236,10.0.228.89,22,UDP,0
2025-02-03 13:43:08.781930,192.168.165.67,10.0.211.39,443,ICMP,0
2025-02-28 22:19:35.711512,192.168.189.99,10.0.132.63,8080,UDP,0
2025-06-15 08:26:21.690812,192.168.226.43,10.0.157.244,22,ICMP,0
2025-09-29 19:37:16.874373,192.168.81.227,10.0.69.77,443,TCP,0
2025-09-13 07:35:01.672040,192.168.119.61,10.0.146.43,80,ICMP,0
2025-01-10 17:49:31.708501,192.168.175.52,10.0.85.221,443,TCP,0
2025-05-15 13:17:44.745138,192.168.153.118,10.0.233.33,22,ICMP,0
2025-07-04 06:12:58.483700,192.168.114.209,10.0.224.218,8080,TCP,0
2025-02-27 11:28:08.300279,192.168.226.20,10.0.245.79,8080,ICMP,0
2025-04-24 21:13:55.799835,192.168.101.188,10.0.5.6,443,UDP,0
2025-01-11 12:25:14.282759,192.168.250.136,10.0.246.228,8080,ICMP,0
2025-06-12 23:54:04.048908,192.168.134.136,10.0.3.148,22,ICMP,0
2025-05-27 20:00:08.350005,192.168.101.99,10.0.207.101,443,TCP,0
2025-07-24 21:53:57.613809,192.168.115.187,10.0.131.12,8080,UDP,0
2025-07-11 11:15:20.120982,192.168.44.149,10.0.157.16,80,ICMP,0
2025-09-05 04:06:23.222080,192.168.122.224,10.0.171.138,80,ICMP,0
2025-04-16 18:30:58.895233,192.168.193.216,10.0.161.244,443,ICMP,0
2025-06-07 19:15:49.618664,192.168.182.228,10.0.166.117,8080,ICMP,0
2025-09-20 00:42:55.519171,192.168.57.207,10.0.148.226,443,UDP,0
2025-09-23 14:05:23.092348,192.168.201.108,10.0.222.128,8080,ICMP,0
2025-03-02 09:18:32.487572,192.168.209.196,10.0.212.65,443,ICMP,0
2025-06-14 13:03:56.358307,192.168.187.196,10.0.80.102,443,UDP,0
2025-08-03 06:46:43.198922,192.168.104.73,10.0.149.224,80,TCP,0
2025-02-01 20:04:59.616838,192.168.157.86,10.0.125.78,22,UDP,0
2025-02-05 10:59:10.592702,192.168.173.158,10.0.248.169,80,ICMP,0
2025-03-31 22:34:14.542717,192.168.201.21,10.0.144.133,80,TCP,0
2025-10-06 10:14:26.744128,192.168.199.60,10.0.36.74,22,TCP,0
2025-04-22 19:22:27.087108,192.168.175.97,10.0.231.227,443,UDP,0
2025-08-01 08:14:14.324793,192.168.140.93,10.0.172.39,80,TCP,0
2025-08-05 02:38:52.927869,192.168.233.217,10.0.86.90,443,UDP,0
2025-08-09 00:36:03.606310,192.168.192.230,10.0.166.117,8080,ICMP,0
2025-04-23 19:56:18.812519,192.168.89.29,10.0.23.177,80,UDP,0
2025-02-27 07:21:37.148886,192.168.205.28,10.0.114.59,443,ICMP,0
2025-05-03 13:02:18.287291,192.168.221.108,10.0.124.84,22,ICMP,0
2025-04-05 20:01:42.023531,192.168.33.151,10.0.2.130,8080,UDP,0
2025-05-20 07:35:17.110418,192.168.91.3,10.0.255.140,8080,TCP,0
2025-04-21 20:30:13.053784,192.168.164.104,10.0.227.51,443,TCP,0
2025-08-31 01:12:06.878204,192.168.176.205,10.0.180.56,22,ICMP,0
2025-04-26 07:14:50.923554,192.168.171.50,10.0.202.77,22,UDP,0
2025-01-16 08:44:45.906687,192.168.87.144,10.0.61.176,22,TCP,0
2025-05-07 16:44:01.864930,192.168.65.165,10.0.121.119,443,ICMP,0
2025-06-17 08:18:13.289709,192.168.46.231,10.0.164.138,8080,UDP,1
2025-08-11 09:25:32.875962,192.168.123.184,10.0.144.238,80,TCP,0
2025-08-16 06:30:40.662983,192.168.228.147,10.0.138.15,80,UDP,0
2025-02-03 12:26:59.942252,192.168.81.54,10.0.103.1,8080,TCP,0
2025-06-26 12:52:50.248895,192.168.43.170,10.0.172.23,22,TCP,0
2025-09-19 01:38:35.778798,192.168.241.137,10.0.95.47,80,UDP,0
2025-01-11 01:07:07.556998,192.168.218.98,10.0.250.47,22,UDP,0
2025-04-10 06:04:27.997170,192.168.223.186,10.0.13.32,8080,ICMP,0
2025-03-21 06:41:47.507384,192.168.200.187,10.0.104.48,80,UDP,0
2025-09-04 00:17:21.641225,192.168.218.40,10.0.77.248,8080,ICMP,0
2025-06-05 11:03:17.007297,192.168.250.30,10.0.127.19,443,UDP,0
2025-03-10 02:39:54.530408,192.168.210.78,10.0.168.36,80,ICMP,1
2025-02-04 16:06:05.221825,192.168.11.232,10.0.232.244,22,UDP,0
2025-02-06 21:59:30.322825,192.168.145.221,10.0.171.147,22,TCP,0
2025-06-14 00:34:36.247179,192.168.72.250,10.0.28.240,443,TCP,0
2025-08-06 03:35:29.990082,192.168.94.194,10.0.20.120,443,UDP,0
2025-08-01 09:00:50.785915,192.168.156.156,10.0.141.207,8080,ICMP,0
2025-06-16 12:09:22.243028,192.168.169.38,10.0.165.33,80,ICMP,0
2025-03-16 05:52:58.049641,192.168.15.193,10.0.149.166,8080,UDP,0
2025-09-10 07:17:01.683770,192.168.254.86,10.0.193.251,443,UDP,0
2025-10-01 08:47:00.010127,192.168.185.217,10.0.15.147,80,TCP,0
2025-08-22 19:05:23.932736,192.168.42.215,10.0.150.3,80,UDP,0
2025-06-19 18:20:54.416605,192.168.175.36,10.0.255.159,80,UDP,0
2025-07-08 00:43:58.765463,192.168.106.194,10.0.94.226,80,UDP,0
2025-01-22 16:32:17.785485,192.168.251.59,10.0.200.178,8080,TCP,0
2025-01-22 08:36:35.909392,192.168.170.29,10.0.52.192,80,ICMP,0
2025-10-12 16:14:38.681556,192.168.70.196,10.0.53.252,22,UDP,0
2025-05-24 17:35:36.097695,192.168.79.12,10.0.239.186,443,ICMP,0
2025-01-21 13:46:44.928487,192.168.128.57,10.0.70.203,443,ICMP,0
2025-05-25 00:41:44.138393,192.168.134.102,10.0.226.8,443,UDP,0
2025-04-20 01:37:01.639848,192.168.195.113,10.0.171.78,80,UDP,0
2025-04-16 12:17:20.954396,192.168.33.74,10.0.247.150,80,UDP,0
2025-07-31 07:29:25.075348,192.168.111.70,10.0.213.92,8080,UDP,0
2025-04-07 21:45:40.724407,192.168.204.101,10.0.133.120,80,ICMP,0
2025-01-22 04:14:14.935099,192.168.49.222,10.0.129.116,443,TCP,0
2025-05-05 20:46:41.364809,192.168.27.120,10.0.112.182,8080,UDP,0
2025-07-01 18:08:31.187203,192.168.35.172,10.0.2.107,22,ICMP,0
2025-02-28 07:01:07.594498,192.168.1.53,10.0.252.108,8080,UDP,0
2025-06-18 10:35:54.347820,192.168.69.5,10.0.210.76,443,TCP,0
2025-05-15 09:24:55.176082,192.168.132.75,10.0.108.173,22,ICMP,0
2025-07-03 19:13:35.668424,192.168.253.196,10.0.84.29,22,TCP,0
2025-03-27 12:06:30.719987,192.168.173.29,10.0.224.48,443,TCP,0
2025-09-04 17:42:54.876269,192.168.35.56,10.0.215.126,443,ICMP,0
2025-01-26 12:19:18.571198,192.168.68.59,10.0.56.26,443,UDP,0
2025-09-01 03:49:15.900284,192.168.241.189,10.0.247.105,443,TCP,0
2025-01-04 05:27:13.439959,192.168.18.39,10.0.221.60,443,TCP,0
2025-09-05 09:54:07.170256,192.168.212.129,10.0.234.213,443,ICMP,0
2025-06-06 10:56:05.336447,192.168.39.116,10.0.42.173,8080,UDP,0
2025-03-31 09:30:04.522310,192.168.86.190,10.0.151.202,443,TCP,0
2025-01-11 02:39:41.524461,192.168.244.112,10.0.189.115,443,ICMP,0
2025-03-21 19:54:14.380679,192.168.72.42,10.0.240.64,8080,TCP,0
2025-06-16 05:59:53.060785,192.168.210.223,10.0.71.153,80,TCP,0
2025-05-05 18:36:15.300877,192.168.85.138,10.0.89.240,80,TCP,0
2025-09-26 14:38:34.911672,192.168.82.245,10.0.7.157,443,UDP,0
2025-03-12 10:42:37.110262,192.168.178.10,10.0.119.44,22,ICMP,0
2025-03-06 02:39:19.056471,192.168.37.63,10.0.36.66,80,UDP,0
2025-04-21 21:55:49.466743,192.168.146.33,10.0.219.246,22,UDP,0
2025-04-29 02:42:25.036652,192.168.43.185,10.0.26.217,8080,TCP,0
2025-02-22 16:22:44.395291,192.168.136.230,10.0.100.12,22,TCP,0
2025-10-11 00:34:10.212266,192.168.166.179,10.0.145.120,22,TCP,0
2025-05-05 14:49:51.479208,192.168.115.117,10.0.141.204,8080,ICMP,0
2025-06-16 10:17:58.410544,192.168.154.90,10.0.177.234,22,TCP,0
2025-04-24 05:51:22.871824,192.168.197.27,10.0.95.80,443,UDP,0
2025-08-02 13:26:02.000870,192.168.234.115,10.0.122.74,443,UDP,0
2025-09-06 15:15:43.841113,192.168.126.43,10.0.63.166,443,ICMP,0
2025-08-01 21:33:10.668805,192.168.172.112,10.0.0.123,80,ICMP,0
2025-03-02 03:41:06.368113,192.168.58.197,10.0.201.238,8080,UDP,0
2025-03-31 06:45:59.455407,192.168.242.224,10.0.113.117,80,ICMP,1
2025-03-20 01:51:00.244640,192.168.218.178,10.0.173.196,22,ICMP,0
2025-01-11 03:47:21.383870,192.168.226.67,10.0.125.2,8080,TCP,0
2025-10-06 03:52:28.860273,192.168.243.16,10.0.12.24,8080,UDP,0
2025-04-03 13:34:14.561130,192.168.108.154,10.0.101.51,80,TCP,0
2025-03-25 18:49:03.616844,192.168.138.154,10.0.76.77,80,TCP,0
2025-05-27 12:10:35.822237,192.168.96.57,10.0.204.191,8080,TCP,0
2025-05-22 07:45:49.882089,192.168.170.34,10.0.153.88,80,UDP,0
2025-05-25 06:13:32.806812,192.168.227.180,10.0.97.188,22,TCP,0
2025-04-14 18:07:34.695992,192.168.109.218,10.0.86.177,80,UDP,0
2025-01-20 12:48:00.376410,192.168.18.80,10.0.85.61,80,UDP,0
2025-03-05 04:48:58.838319,192.168.177.158,10.0.87.126,22,ICMP,0
2025-02-03 13:37:21.350458,192.168.214.247,10.0.145.102,80,TCP,0
2025-04-15 07:35:23.061307,192.168.79.120,10.0.170.49,80,UDP,0
2025-09-19 15:12:16.274164,192.168.4.204,10.0.190.10,80,TCP,0
2025-10-09 11:14:21.616690,192.168.228.72,10.0.129.60,22,UDP,0
2025-01-27 01:30:49.166475,192.168.23.177,10.0.172.247,22,ICMP,0
2025-09-01 03:23:36.578916,192.168.248.128,10.0.57.85,443,UDP,0
2025-06-21 13:47:50.101370,192.168.123.102,10.0.168.70,443,TCP,0
2025-08-29 10:36:14.271998,192.168.172.193,10.0.196.79,443,TCP,0
2025-06-02 23:31:23.470904,192.168.64.34,10.0.161.149,80,UDP,0
2025-01-25 19:36:30.382011,192.168.85.182,10.0.174.65,80,TCP,0
2025-02-28 07:23:55.686710,192.168.185.47,10.0.190.45,8080,UDP,0
2025-02-12 15:21:13.742705,192.168.232.39,10.0.99.41,8080,TCP,0
2025-02-26 03:42:36.292109,192.168.215.82,10.0.85.131,8080,ICMP,0
2025-08-21 20:28:42.081486,192.168.223.171,10.0.151.40,80,ICMP,0
2025-04-01 16:21:01.712130,192.168.239.242,10.0.44.151,443,TCP,0
2025-09-01 15:49:12.626389,192.168.252.148,10.0.71.81,22,ICMP,0
2025-09-26 05:19:39.217158,192.168.40.27,10.0.241.216,22,UDP,0
2025-06-19 02:28:41.278503,192.168.219.85,10.0.49.220,8080,TCP,0
2025-03-09 20:43:39.931205,192.168.44.86,10.0.39.149,8080,TCP,0
2025-03-13 15:24:08.789789,192.168.229.186,10.0.171.248,8080,ICMP,0
2025-09-22 02:48:23.884277,192.168.16.152,10.0.31.74,8080,UDP,0
2025-10-13 20:45:33.381731,192.168.174.240,10.0.171.193,8080,UDP,0
2025-06-21 11:32:31.839698,192.168.240.199,10.0.3.82,8080,TCP,0
2025-06-10 12:03:10.246999,192.168.152.187,10.0.8.242,80,UDP,0
2025-09-06 10:52:02.506928,192.168.225.113,10.0.101.117,22,ICMP,0
2025-07-10 05:54:12.463725,192.168.142.110,10.0.140.82,443,UDP,0
2025-02-17 20:19:12.515159,192.168.14.137,10.0.234.84,22,UDP,0
2025-08-11 19:21:02.536654,192.168.86.169,10.0.9.30,22,UDP,0
2025-08-27 08:19:21.459307,192.168.52.177,10.0.142.15,22,UDP,0
2025-02-23 11:24:20.013914,192.168.12.161,10.0.46.247,443,ICMP,0
2025-02-16 01:08:22.097446,192.168.184.73,10.0.19.224,8080,TCP,0
2025-03-29 12:41:17.808138,192.168.126.88,10.0.160.38,22,UDP,0
2025-07-09 10:01:43.431720,192.168.225.79,10.0.210.189,80,TCP,0
